"","SAM ID","Sample Name","Patient ID","Canonical Name","Sample Type","Primary Tissue","Tissue Group Oncology","Diagnosis Group Oncology","Tissue Diagnosis","Sex","CLID","bioinfo_project","nxgproject","Sample Type Group","plot.metaclass","sizeFactor.gene","sizeFactor.exon","SSscore.nearest","SSscore.predicted","CD8A","CD8A Z-score","GZMA","GZMA Z-score","GZMB","GZMB Z-score","PRF1","PRF1 Z-score","CDH1","CDH1 Z-score","CDH2","CDH2 Z-score","SNAI1","SNAI1 Z-score","VIM","VIM Z-score","KLRK1","KLRK1 Z-score","IL3RA","IL3RA Z-score","TCF4","TCF4 Z-score","FCGR3A","FCGR3A Z-score","CLEC4C","CLEC4C Z-score"
"SAM636192","SAM636192","SNU-C1","","SNU-C1","Cell Line","Colon","Colon","Cancer","Adenocarcinoma","Male","CL586493","gCell",171,"Cell Line","Cel",1.42469634539302,1.41118489489848,"CMS2","CMS2",0.0321721862748855,-0.797515458772102,0,-0.216943478225231,1.21561174817769,0.301649339146649,0.400898728079607,-0.465704853003357,7.66619924144349,1.0264884259808,0.0210702291164885,-0.30790261151749,1.61572110019762,-0.443446158580102,0.0583473091850503,-0.698770871679411,0,-0.823423547369869,0.013788491849428,-0.481115242398743,0.320740549239471,-0.316397671101797,0,-0.211933628120229,0,-0.515392435956087
"SAM587508","SAM587508","RKO","","RKO","Cell Line","Colon","Colon","Cancer","Carcinoma","","CL583697","gCell",114,"Cell Line","Cel",0.796944291943261,0.897259719936102,"CMS1","CMS1",0.175050057967693,-0.236748696354491,0,-0.216943478225231,0,-0.495873156815076,0.0167627451276675,-0.684338832975004,0.0350632928889941,-2.05089774609988,0,-0.32712581157843,1.79104100274807,-0.236126197925371,2.54872966689928,0.0566638457783293,0,-0.823423547369869,0.0245576386245918,-0.331932286479118,0.00358282913511756,-0.580246042630692,0,-0.211933628120229,0,-0.515392435956087
"SAM587484","SAM587484","C170","","C170","Cell Line","Colon","Colon","Cancer","Carcinoma","","CL586248","gCell",114,"Cell Line","Cel",0.90050794167315,0.959753440845724,"CMS1","CMS1",1.12729448248607,3.50061816557276,0,-0.216943478225231,0,-0.495873156815076,0.412476282081065,-0.459115398169619,5.85201666799985,0.294888254946932,0.0413758294162224,-0.289377012447767,1.71589595674744,-0.324987004676989,0.398703404794108,-0.595526962114681,1.30330914344711,1.16797918072815,0.0643035883600704,0.218660846957057,1.07208922461577,0.308660815203377,0,-0.211933628120229,0,-0.515392435956087
"SAM587485","SAM587485","CACO2","","Caco-2","Cell Line","Colon","Colon","Cancer","Adenocarcinoma","","CL586258","gCell",114,"Cell Line","Cel",0.834451774484423,0.907389383182136,"CMS2","CMS2",0.614777432339186,1.48909235342587,0,-0.216943478225231,0,-0.495873156815076,0.152657290234244,-0.606993396536668,7.61556559166659,1.0060695401536,0.104813055554049,-0.231500732004083,3.53913892207078,1.83104122906036,2.02647275239386,-0.10175801399258,0.123000023810026,-0.635484573563884,0.0465499852693801,-0.0272764628956705,1.74356945996031,0.867275521322475,0,-0.211933628120229,0.0140359301149182,1.2617641279717
"SAM587517","SAM587517","SW837","","SW 837","Cell Line","Rectum","Colon","Cancer","Adenocarcinoma","Male","CL583693","gCell",114,"Cell Line","Cel",1.69019032855585,1.85131323997854,"CMS1","CMS1",0.852760746333959,2.42312875050485,0,-0.216943478225231,0.0215694606481576,-0.481722150033138,1.34336257754638,0.070705771184641,6.74702194074271,0.655814448484332,0.0353451927273722,-0.294878999869151,2.58702089579248,0.70513898479077,0.114532816230418,-0.681727511848114,0,-0.823423547369869,0.206394593911894,2.1870207050193,0.0184869379170503,-0.567847085954157,0,-0.211933628120229,0,-0.515392435956087
"SAM587513","SAM587513","SW1463","","SW 1463","Cell Line","Colon","Colon","Cancer","Adenocarcinoma","Female","CL132498","gCell",114,"Cell Line","Cel",1.68244392996662,2.0012717979534,"CMS2","CMS2",0.0164357209796073,-0.859277903795802,0,-0.216943478225231,3.911015479754,2.07001420963578,0.466729319636568,-0.428236860222824,6.52673639223845,0.56698053103792,0,-0.32712581157843,3.04974830845451,1.25232517182022,0.00628893890196036,-0.714562302310253,0.179410627614679,-0.549291492762558,0,-0.672124615259671,0.0168930359675975,-0.56917307743121,0,-0.211933628120229,0.013923511689626,1.24753029089936
"SAM587486","SAM587486","CL-11","","CL-11","Cell Line","Colon","Colon","Cancer","Carcinoma","","CL584743","gCell",114,"Cell Line","Cel",0.517742485721654,0.528167196366555,"CMS1",NA,0.921108518124399,2.6913799376991,0,-0.216943478225231,6.15023536515691,3.53909200909829,1.33861060050671,0.0680011465229923,5.22172619443648,0.0407128345620421,0.0431522086223409,-0.287756351719565,2.04291116803229,0.0617162717383342,2.1810675526628,-0.0548630948650648,0.395679997671308,-0.218840796778249,0.0376293065357595,-0.150852940222549,3.82789425568908,2.60125728569317,0,-0.211933628120229,0.0225550435916077,2.34041002532146
"SAM587509","SAM587509","RKO-AS45.1","","RKO","Cell Line","Colon","Colon","Cancer","Carcinoma","","CL586044","gCell",114,"Cell Line","Cel",0.545940428834489,0.610772147480851,"CMS1","CMS1",0,-0.923784786020011,0,-0.216943478225231,0,-0.495873156815076,0,-0.693879479634421,0.216122724330516,-1.97788243168283,0,-0.32712581157843,1.36082568565629,-0.744866057547785,2.06256793530414,-0.0908088702922382,0.038725254521272,-0.764252952359706,0.0357095956080921,-0.177446333058564,0.00522710460073833,-0.578878144652973,0,-0.211933628120229,0,-0.515392435956087
"SAM587516","SAM587516","SW620","","SW 620","Cell Line","Colon","Colon","Cancer","Adenocarcinoma","Male","CL584994","gCell",114,"Cell Line","Cel",0.673642137797136,0.661571286439614,"CMS2",NA,0.274824847285822,0.154847181397116,0,-0.216943478225231,0,-0.495873156815076,5.30750273636453,2.3269269494966,3.71153174903856,-0.568298921322211,0,-0.32712581157843,2.98715488047694,1.17830695234387,6.94014945459092,1.38876088552689,0.338659528645813,-0.30596572653549,0.0574436511151198,0.123631432186239,0.0335577969515182,-0.555309407185129,0,-0.211933628120229,0,-0.515392435956087
"SAM587510","SAM587510","SK-CO-1","","SK-CO-1","Cell Line","Colon","Colon","Cancer","Adenocarcinoma","Male","CL583691","gCell",114,"Cell Line","Cel",0.726069593182355,0.757073328284248,"CMS3","CMS3",0.110560808836989,-0.48985596214244,0,-0.216943478225231,0,-0.495873156815076,0.329470644364986,-0.506358701945776,6.8396470510114,0.693167109405318,0.0103744748701853,-0.317660769463596,1.3343391200171,-0.776187052291183,0.903488567429572,-0.442404998520953,0.0292144972674532,-0.77878499798891,0.053371556221143,0.0672214708632428,1.94255618599673,1.03281563052525,0,-0.211933628120229,0,-0.515392435956087
"SAM13253474","SAM13253474","COLO 320HSR","","COLO 320DM","Cell Line","Colon","Colon","Cancer","Carcinoma","Female","CL586272","gCell",171,"Cell Line","Cel",1.95692499311918,1.69267867053051,"CMS4",NA,0.10503468215187,-0.511544892228032,0,-0.216943478225231,0,-0.495873156815076,0.186528269066099,-0.587715465709577,0.0497229879333639,-2.04498597318421,0.0267911876674698,-0.302683155660705,2.09333981884126,0.121349352463879,8.76713744712193,1.9429609880377,0.184746337854062,-0.541138747130049,0.0592842661069897,0.14912912396535,4.43476064940406,3.10611874599319,0.00692914956556781,2.24888852866584,0,-0.515392435956087
"SAM636101","SAM636101","SW1417","","SW 1417","Cell Line","Colon","Colon","Cancer","Adenocarcinoma","Female","CL132496","gCell",171,"Cell Line","Cel",1.79430918968222,1.87338193148368,"CMS2","CMS2",0.0607015406278193,-0.685543510388406,0,-0.216943478225231,2.00800990984048,0.821515456459314,3.87400498238011,1.51104056253128,5.75695470670621,0.256552892145365,0.938842891314582,0.529417542827184,1.46596954270013,-0.620530942205454,3.04304355470353,0.206609443895872,0.0118930355103536,-0.805251478617214,0.0109589335944568,-0.520312578384255,0.514503549011667,-0.15520325989331,0,-0.211933628120229,0,-0.515392435956087
"SAM587487","SAM587487","CL-34","","CL-34","Cell Line","Colon","Colon","Cancer","Adenocarcinoma","Female","CL132494","gCell",114,"Cell Line","Cel",0.396606699884182,0.425285934762126,"CMS3","CMS3",0.0684697899707336,-0.655054702135125,0,-0.216943478225231,0.0897604626152482,-0.436984298352738,0.358174290116053,-0.49002179889903,6.65689795269871,0.619470407905169,0.0376271232620877,-0.292797104748245,2.99978657415944,1.1932442309937,0.530846047550908,-0.555442699677677,0.335879858180459,-0.310212948597694,0.142074922529962,1.2960124477389,0.0214644578014606,-0.565370041496787,0,-0.211933628120229,0,-0.515392435956087
"SAM587497","SAM587497","DLD-1","","DLD-1","Cell Line","Colon","Colon","Cancer","Adenocarcinoma","Male","CL583695","gCell",114,"Cell Line","Cel",0.39932525010568,0.409590233737639,"CMS1","CMS1",0.454273761539618,0.859147892719389,0,-0.216943478225231,0,-0.495873156815076,0.407659126271974,-0.46185711983441,7.28054744585299,0.870967739284992,0.109337814494508,-0.227372616174915,1.51978262461264,-0.556895691087288,0.243744341805564,-0.642532377007561,1.47785407865843,1.43467665761087,0,-0.672124615259671,0.935898987171071,0.195362067955184,0,-0.211933628120229,0,-0.515392435956087
"SAM636827","SAM636827","NCI-H716","","NCI-H716","Cell Line","Cecum","Colon","Cancer","Adenocarcinoma","Male","CL586038","gCell",171,"Cell Line","Cel",1.5591372341068,1.44229899565373,"CMS3","CMS3",0.0467979772426923,-0.740112185951468,0,-0.216943478225231,0.0463632708049833,-0.465455754623324,0.0508038149317861,-0.664964093549205,0.593869920514782,-1.82554940997852,0.0382770498861343,-0.292204151085999,0.921888174969592,-1.26392011884733,7.91096202038611,1.68324800075808,2.02412662599084,2.26935862582415,0.012604719368561,-0.497513818954439,0.0326332666781486,-0.55607853809885,0,-0.211933628120229,0.00752902437991342,0.437893522807283
"SAM587506","SAM587506","LS180","","LS-180","Cell Line","Colon","Colon","Cancer","Adenocarcinoma","Female","CL583915","gCell",114,"Cell Line","Cel",0.595430409444162,0.725127225661778,"CMS3","CMS3",0.450916557193392,0.845971544347856,0,-0.216943478225231,0,-0.495873156815076,0.14990211553067,-0.608561525630773,6.75487472520136,0.658981218211446,0,-0.32712581157843,2.79921376599607,0.956062107960788,0.0524608200614905,-0.700556484332063,0.699208569510374,0.244938368015542,0,-0.672124615259671,0.217942540613942,-0.401916911066491,0,-0.211933628120229,0,-0.515392435956087
"SAM636043","SAM636043","COLO 205 (IVCC)","","COLO 205","Cell Line","Colon","Colon","Cancer","Adenocarcinoma","Male","CL584431","gCell",171,"Cell Line","Cel",1.42596116458799,1.40121283272343,"CMS2",NA,0.0129436542310057,-0.872983559833077,0.782752188610023,0.935430406400356,0.421405923533482,-0.219402725813324,1.7725926266279,0.315005389337981,7.19979732575082,0.838403871379672,0,-0.32712581157843,1.61485873650988,-0.444465924181222,0,-0.716469994423392,0.101531322258999,-0.668287865900467,0.0274223325012273,-0.292248223364023,0,-0.583226653137213,0,-0.211933628120229,0,-0.515392435956087
"SAM587495","SAM587495","COLO678","","COLO 678","Cell Line","Colon","Colon","Cancer","Carcinoma","Male","CL586254","gCell",114,"Cell Line","Cel",0.83237479006191,0.954300096713166,"CMS1",NA,0.216746776568427,-0.0730975051928224,0,-0.216943478225231,0,-0.495873156815076,0,-0.693879479634421,6.60728953035724,0.599464962587255,0.0447106420466067,-0.286334531513876,0.44890050743926,-1.8232393016443,0.328924138913185,-0.616693864394517,1.76931296068633,1.8800138331513,0,-0.672124615259671,0.15610192053784,-0.453363071342986,0,-0.211933628120229,0,-0.515392435956087
"SAM636084","SAM636084","SW837","","SW 837","Cell Line","Rectum","Colon","Cancer","Adenocarcinoma","Male","CL583693","gCell",171,"Cell Line","Cel",1.69236082229295,1.69959727607162,"CMS4",NA,0.677975504550234,1.73713201082656,0,-0.216943478225231,0,-0.495873156815076,1.4507868733305,0.13184714396739,6.88156027299951,0.710069333483503,2.45995134550333,1.91718470793959,2.94322454808553,1.12635828792845,6.09940521765985,1.1337288085798,0.0126063545362813,-0.804161556505197,0.0794168971663005,0.428022658854659,0.217550120300198,-0.402243371543953,0.0159745224068423,5.46126743513487,0.0343598981382294,3.83507938972957
"SAM639157","SAM639157","GP5d","","GP5d","Cell Line","Colon","Colon","Cancer","Adenocarcinoma","","CL586519","gCell",171,"Cell Line","Cel",1.77728127860992,1.73328833294594,"CMS2",NA,0.0309607144798381,-0.802270240658339,0,-0.216943478225231,0,-0.495873156815076,0.0225046360451199,-0.681070791136802,6.34594781904262,0.494074444843975,0.00424728319688168,-0.323250847800973,2.28838872622442,0.351999331252168,0.366799591112701,-0.605204692283135,0.181054273230647,-0.546780069912406,0.0437539891123615,-0.0660088694783269,0.00481762735637491,-0.579218795052616,0,-0.211933628120229,0,-0.515392435956087
"SAM639158","SAM639158","Hs 675.T","","Hs 675.T","Cell Line","Colon","Colon","Cancer","Carcinoma","Male","CL586273","gCell",171,"Cell Line","Cel",0.920514006608968,0.889726216508185,"CMS4","CMS4",0,-0.923784786020011,0,-0.216943478225231,0,-0.495873156815076,0.0145238016297274,-0.685613145066583,0.166677644698293,-1.99782200625776,4.25909480613755,3.55861416230843,2.23436983920847,0.288120710697171,9.76808812171203,2.24659022300471,0.133315798770602,-0.619722494012594,0,-0.672124615259671,2.47885278212247,1.47896899389823,0,-0.211933628120229,0,-0.515392435956087
"SAM636127","SAM636127","LS 180","","LS-180","Cell Line","Colon","Colon","Cancer","Adenocarcinoma","Female","CL583915","gCell",171,"Cell Line","Cel",1.65111486660849,1.65794549543143,"CMS3","CMS3",0.139053707364833,-0.378027095502364,0.0228338183423997,-0.183327352551035,0.0652398358631733,-0.453071467203464,0.0868512350865093,-0.644447424229207,6.43254239312397,0.528995188839584,0.0272131216783167,-0.302298208640993,1.01464211362316,-1.15423637711301,0.0317591317052278,-0.706836152209515,0.182608143760692,-0.54440581969848,0,-0.672124615259671,0.496162737312853,-0.170461262434311,0,-0.211933628120229,0,-0.515392435956087
"SAM8795242","SAM8795242","HCC1623","","HCC1623","Cell Line","Colon","Colon","Cancer","Adenocarcinoma","Female","CL586845","gCell",171,"Cell Line","Cel",1.63172625966008,1.52431080047957,"CMS1",NA,0.145772326752932,-0.351657872630114,0.0458418079667762,-0.149454810555401,6.3210327247466,3.65114648432678,2.88835743456657,0.950051600831405,6.34353981596062,0.4931033763901,0,-0.32712581157843,1.57960626094026,-0.486152816209768,0.576267199024455,-0.541664608685449,0.184644798771838,-0.541293894668426,0.116162845418283,0.937057338458321,1.09045890147182,0.323942831111383,0,-0.211933628120229,0.00719492173378371,0.39559118119303
"SAM636050","SAM636050","SW48","","SW 48","Cell Line","Colon","Colon","Cancer","Adenocarcinoma","Female","CL131231","gCell",171,"Cell Line","Cel",1.49315348364131,1.45012431772471,"CMS1","CMS1",0.326418660967237,0.357342469968531,0,-0.216943478225231,0.118033188615497,-0.41843550179729,2.22849218722607,0.574484167230483,5.54093167892227,0.169437909129078,0.00505407211848501,-0.322514782485252,2.46294267617614,0.558413534714914,1.06882072108271,-0.392253001421089,0.503637561170247,-0.0538860831928105,0.039122898023962,-0.130162499484912,0.0152364449201866,-0.570551220930302,0,-0.211933628120229,0,-0.515392435956087
"SAM639164","SAM639164","CaR-1","","CaR-1","Cell Line","Colon","Colon","Cancer","Adenocarcinoma","","CL586607","gCell",171,"Cell Line","Cel",1.52177477197478,1.63499288272743,"CMS1","CMS1",0.364150139166029,0.50543089415964,0,-0.216943478225231,0,-0.495873156815076,0.0434866924791705,-0.6691286906574,5.59442184972443,0.191008735946807,0.141826011924509,-0.197732353823543,0.251654033127347,-2.05648795566898,3.47052045834986,0.336280653991567,0.0140126445796893,-0.802012803200564,0.0129128083014507,-0.493245921166974,0.733619693065708,0.0270828208785131,0,-0.211933628120229,0,-0.515392435956087
"SAM636436","SAM636436","HT-29 (IVCC)","","HT-29","Cell Line","Colon","Colon","Cancer","Adenocarcinoma","Female","CL584427","gCell",171,"Cell Line","Cel",1.24091268325169,1.25936598986051,"CMS3",NA,0.00745111155666735,-0.89454067946565,0,-0.216943478225231,0.597335796026377,-0.103980979326342,0.134315871049295,-0.617432557804294,6.40401648462364,0.517491628038576,0,-0.32712581157843,0.812914425149259,-1.39278417362085,0.122800603949862,-0.679219554039752,0.480248556875743,-0.0896235190834075,0,-0.672124615259671,0.0386430853340341,-0.55107887778783,0,-0.211933628120229,0,-0.515392435956087
"SAM639159","SAM639159","HT-115","","HT-115","Cell Line","Colon","Colon","Cancer","Carcinoma","","CL586517","gCell",171,"Cell Line","Cel",1.7061179923989,1.69944729091835,"CMS3","CMS3",0.457175555432864,0.870536847128069,0,-0.216943478225231,0,-0.495873156815076,0.0841313109122514,-0.645995490210606,2.8352333235507,-0.921681258551211,0.00442416876640702,-0.323089468127687,1.45857612368334,-0.6292738362943,0.271170662713441,-0.634212853332103,0.975497661394666,0.667096728592125,0.078793696146065,0.419389572847764,1.99331428583193,1.0750420722433,0,-0.211933628120229,0.00688194914790732,0.355964218051591
"SAM636437","SAM636437","RKO-E6","","RKO","Cell Line","Colon","Colon","Cancer","Carcinoma","","CL586504","gCell",171,"Cell Line","Cel",1.57398901352372,1.56734843504527,"CMS1","CMS1",0.129472385342712,-0.415631847493472,0,-0.216943478225231,0,-0.495873156815076,0.0169734307171936,-0.684218919634403,0.0615652719784498,-2.04021036947175,0,-0.32712581157843,2.73912178264904,0.885001906341145,0.937540653515666,-0.432075609561217,0,-0.823423547369869,0,-0.672124615259671,0,-0.583226653137213,0,-0.211933628120229,0,-0.515392435956087
"SAM8810592","SAM8810592","COLO 320","","COLO 320","Cell Line","Colon","Colon","Cancer","Adenocarcinoma","Female","CL587035","gCell",171,"Cell Line","Cel",1.90146418653701,1.80029903932466,"CMS4","CMS4",0.282466647647335,0.184839702961133,0,-0.216943478225231,0.0381255581226921,-0.470860244329223,0.507154876734591,-0.405228340237292,0.0111139420645512,-2.06055573169394,0.0849175198973949,-0.249652212945889,2.84992763563744,1.01603246674919,8.45705347024878,1.84889984889907,0.228783899674466,-0.473851165216836,0,-0.672124615259671,4.6475628729006,3.2831521794181,0,-0.211933628120229,0,-0.515392435956087
"SAM636126","SAM636126","HT55 (IVCC)","","HT-55","Cell Line","Colon","Colon","Cancer","Carcinoma","","CL586145","gCell",171,"Cell Line","Cel",1.42548964204225,1.35509350011846,"CMS2","CMS2",0.148195457160192,-0.342147575638033,0,-0.216943478225231,5.33690857746998,3.00549531531757,1.20176475929008,-0.00988572748927943,7.18487484304288,0.832386124841265,0,-0.32712581157843,1.83481770041995,-0.184359210225177,0.0439561079682709,-0.703136310982898,0.0444055900333322,-0.755573633495027,0.396961335413828,4.8269057758398,0.0761691218924371,-0.519860392446812,0,-0.211933628120229,0,-0.515392435956087
"SAM8795253","SAM8795253","LS 123","","LS-123","Cell Line","Colon","Colon","Cancer","Adenocarcinoma","Female","CL586818","gCell",171,"Cell Line","Cel",1.63650377803429,1.5675782407929,"CMS1","CMS1",0.215345265037257,-0.0785981546251936,0.0457100777795383,-0.14964874476574,1.7098923790206,0.625930445352079,0.591220329290873,-0.357381834608588,7.57670321187994,0.990397620405895,0.230086890461229,-0.117208477396494,1.54794630485998,-0.523591468373093,0.818460599730447,-0.468197455071179,1.52086756379552,1.5003994925021,0.0590807781857326,0.14631024423227,0.915609439153275,0.178482881783108,0.0165166543948641,5.65380050075898,0.0355183473936253,3.98175621708254
"SAM636441","SAM636441","ATRFLOX","","HCT 116","Cell Line","Colon","Colon","Cancer","Carcinoma","Male","CL586505","gCell",171,"Cell Line","Cel",2.24843950761907,2.26448158687043,"CMS1","CMS1",0.242325444170421,0.0272935941998506,0.016802907727479,-0.192206106254027,0,-0.495873156815076,1.70195616347229,0.274802097388728,4.58082350626997,-0.217742142981184,0.165026341742959,-0.176565778979282,2.42904375094103,0.518327248196719,0.404496300286365,-0.593769740234314,1.59204777296215,1.60915992239221,0,-0.672124615259671,0.00887307310933094,-0.575845007533304,0,-0.211933628120229,0.0104312068943737,0.805352797900694
"SAM639165","SAM639165","CW-2","","CW-2","Cell Line","Colon","Colon","Cancer","Carcinoma","Female","CL586614","gCell",171,"Cell Line","Cel",1.94063354325382,1.86646706924248,"CMS3","CMS3",0.18364936392942,-0.202998158877534,0.315352727042877,0.247321269133688,0.143985802233515,-0.40140885392193,0.125898693285266,-0.62222325994195,6.8058154038538,0.679523918687265,0.0193471944091989,-0.309474603957964,1.26416495672626,-0.859169671838606,0.100253140590522,-0.686059120887585,0,-0.823423547369869,0.0101355222125462,-0.531719140710491,0.0102754398932636,-0.574678357097978,0,-0.211933628120229,0.00605204286148256,0.250885794869852
"SAM636042","SAM636042","CoCM-1","","CoCM-1","Cell Line","Colon","Colon","Cancer","Adenocarcinoma","Male","CL131235","gCell",171,"Cell Line","Cel",2.28317274821206,2.2332990590697,"CMS2","CMS2",0.0980928634184256,-0.538790127409118,0,-0.216943478225231,0.767663543273357,0.00776539884052451,0.438185101668388,-0.444483023707962,6.30005886815942,0.475568940047405,0.0647464976514542,-0.268055031155586,1.50832804742928,-0.570441001439522,6.28648631524124,1.19047814895932,0.00935478345356712,-0.809129823287701,0.00861944555764496,-0.552721064214821,1.93647255833788,1.02775456737267,0,-0.211933628120229,0.00514568581233835,0.136127573222904
"SAM636752","SAM636752","Hs 255.T","","Hs 255.T","Cell Line","Colon","Colon","Cancer","Adenocarcinoma","Female","CL586489","gCell",171,"Cell Line","Cel",0.834774879655014,0.828230722051487,"CMS4","CMS4",0.0220405910644732,-0.837279921784849,0,-0.216943478225231,0.0433427076305976,-0.46743744580528,0.0160072842828186,-0.684768809385839,0.384413700528843,-1.91001621536456,5.86179421888673,5.02081997309952,2.70972477031299,0.850239239055707,10.3500236281412,2.42311503796584,0.381253237652243,-0.240884292294282,0.0692474085114018,0.287146653596034,2.75069750926791,1.70512079162979,0,-0.211933628120229,0,-0.515392435956087
"SAM636046","SAM636046","HM7","","LS-174T","Cell Line","Colon","Colon","Cancer","Adenocarcinoma","","CL583673","gCell",171,"Cell Line","Cel",1.78065470666648,1.79681515758558,"CMS3","CMS3",0.0858936507321901,-0.586669571028017,0.142149154548799,-0.00767038284810174,0.0204813865942542,-0.482435999283575,0.0807062987848324,-0.647944862480067,3.75369850035456,-0.551294457203604,0.0984544191844922,-0.237301966455355,0.301780201747807,-1.99721256733606,1.22743937884593,-0.344137481914733,0.442195492620459,-0.147767035033917,0,-0.672124615259671,0.355385065984054,-0.287576366287095,0,-0.211933628120229,0,-0.515392435956087
"SAM636793","SAM636793","LS1034","","LS1034","Cell Line","Cecum","Colon","Cancer","Carcinoma","","CL583685","gCell",171,"Cell Line","Cel",1.74815335447115,1.86174052199722,"CMS2","CMS2",0.179284531333965,-0.22012924442667,0,-0.216943478225231,3.86814207117289,2.04188639014633,1.02402539317037,-0.111047469000105,6.95647003282981,0.740277976156069,0,-0.32712581157843,2.6262721576963,0.751554536905311,0.372186108872743,-0.60357074137213,0.626448431962898,0.133763872588002,0.0982006972612165,0.688231093196503,0.0748844740167439,-0.520929110716947,0,-0.211933628120229,0.00671685330106939,0.335060639486933
"SAM639166","SAM639166","RCM-1","","RCM-1","Cell Line","Colon","Colon","Cancer","Adenocarcinoma","Female","CL586653","gCell",171,"Cell Line","Cel",1.68689106685709,1.67316530286133,"CMS2","CMS2",0.429351752077752,0.761334043777691,0,-0.216943478225231,0.568482614254359,-0.122910593635971,5.87535080574871,2.65012209116135,6.78113971394661,0.669573024427372,0.00447451664540548,-0.323043533774278,2.87828829691266,1.04956962422068,0.0972258423529003,-0.686977424127934,0.0982018272255541,-0.673375197272404,0.011653967128065,-0.510684410139203,0.0235335515030154,-0.563648730713256,0,-0.211933628120229,0.00696019963733329,0.365871888564009
"SAM636439","SAM636439","WiDr","","WiDr","Cell Line","Colon","Colon","Cancer","Adenocarcinoma","","CL586146","gCell",171,"Cell Line","Cel",1.16019980531998,1.16899250008882,"CMS1",NA,0.0316114771129385,-0.799716128880619,0,-0.216943478225231,1.21203830385073,0.299304921002378,0.143210711579825,-0.612369990190975,6.10493312461286,0.39688114454025,0.0699512478839073,-0.26330653248324,1.22961073607803,-0.900030860791098,0.497520790872343,-0.565551611582387,0.414513404169479,-0.19006412681594,0,-0.672124615259671,0.0930351011365476,-0.505829325644041,0,-0.211933628120229,0.0101088455456815,0.764537078379819
"SAM636045","SAM636045","HCT 116 (IVCC)","","HCT 116","Cell Line","Colon","Colon","Cancer","Carcinoma","Male","CL584219","gCell",171,"Cell Line","Cel",1.91368963310864,1.92918749375538,"CMS1","CMS1",0.232168227944583,-0.0125714261189353,0,-0.216943478225231,0.0190669375897798,-0.483363972299754,1.79794796779172,0.329436578807882,3.26239868326482,-0.749419516650893,0.0351221179777429,-0.295082519751017,3.11739379522856,1.33231757115681,0.659885304471819,-0.516299820958251,0.504987403317048,-0.0518235799508463,0,-0.672124615259671,0.00298471324336065,-0.580743624414209,0,-0.211933628120229,0.00613707198637392,0.261651740994441
"SAM636048","SAM636048","LS174T","","LS-174T","Cell Line","Colon","Colon","Cancer","Adenocarcinoma","","CL131229","gCell",171,"Cell Line","Cel",1.89974190205127,1.88760296040081,"CMS3","CMS3",0.121599536844705,-0.446531186284884,0,-0.216943478225231,0.129363647860228,-0.411001963785834,0.0824731638969721,-0.646939237470476,6.09528081385121,0.392988685033987,0.015830234391109,-0.31268326512915,0.416179176010878,-1.86193305543731,0.193017270952204,-0.657919970129101,0.375284466732299,-0.250004328590453,0,-0.672124615259671,0.0327329693278253,-0.555995593935468,0,-0.211933628120229,0,-0.515392435956087
"SAM636799","SAM636799","C2BBe1","","C2BBe1","Cell Line","Colon","Colon","Cancer","Adenocarcinoma","Male","CL583701","gCell",171,"Cell Line","Cel",1.51734300491722,1.5101281785758,"CMS2","CMS2",0.411761525840436,0.69229596181003,0.0248296633292122,-0.180389053975789,0,-0.495873156815076,0.419647204714565,-0.455034011824651,7.69463407133477,1.03795525777397,0.133163097080331,-0.205635872301669,2.66090072549896,0.792503643138772,0.531718831471748,-0.55517794865557,0.172810720884804,-0.559375878599293,0,-0.672124615259671,2.56868170179075,1.55369904985549,0,-0.211933628120229,0,-0.515392435956087
"SAM636044","SAM636044","COLO-206F","","COLO 206F","Cell Line","Colon","Colon","Cancer","Adenocarcinoma","Male","CL131249","gCell",171,"Cell Line","Cel",1.6008439403319,1.63403533288316,"CMS2",NA,0,-0.923784786020011,0.0695127909687686,-0.114606204531889,0.232589804575952,-0.343278710637061,4.37801888174892,1.79790399025088,7.04905668138499,0.777615126732839,0,-0.32712581157843,2.69744399564873,0.835716930503366,0.00660877251656041,-0.714465283707656,0.176186179878994,-0.554218316187175,0.060369681565632,0.164165179272401,0,-0.583226653137213,0,-0.211933628120229,0.00733336876738713,0.413120625448609
"SAM587507","SAM587507","MDST8","","MDST8","Cell Line","Colon","Colon","Cancer","Carcinoma","","CL586257","gCell",114,"Cell Line","Cel",0.712862040664606,0.778186637431651,"CMS4","CMS4",0.0257764593032566,-0.822617394185155,1.30918158336652,1.71044387227631,0,-0.495873156815076,0.0372142910969962,-0.672698676649407,0.0487655145710162,-2.04537209070397,4.63106994452692,3.89798173460308,0.027681177349046,-2.32134119236481,11.090191204379,2.64763810451205,0,-0.823423547369869,0,-0.672124615259671,2.38397658543841,1.40004003078263,0,-0.211933628120229,0,-0.515392435956087
"SAM587514","SAM587514","SW403","","SW 403","Cell Line","Colon","Colon","Cancer","Adenocarcinoma","","CL586244","gCell",114,"Cell Line","Cel",0.496154261923986,0.605193251857232,"CMS2","CMS2",0.0368920598158652,-0.778990909286327,0,-0.216943478225231,0,-0.495873156815076,2.02141339518011,0.456623663445303,7.19241488696663,0.835426776595376,0,-0.32712581157843,1.75097928056568,-0.283500138623432,0.0212153902452507,-0.710034499774937,0.474217613471197,-0.0988385523770836,0.11466922625558,0.916366514351053,0.0397807890111378,-0.550132404650151,0,-0.211933628120229,0,-0.515392435956087
"SAM587503","SAM587503","KM-12","","KM-12","Cell Line","Colon","Colon","Cancer","Adenocarcinoma","","CL585164","gCell",114,"Cell Line","Cel",0.666220671073034,0.681514993225728,"CMS1","CMS1",0.145471923639062,-0.352836894123009,0,-0.216943478225231,0,-0.495873156815076,0,-0.693879479634421,5.82532356495381,0.284123804312375,0.0336461886179798,-0.296429068248505,1.52922370593566,-0.545731387548707,3.90372193866376,0.467688362076834,0.885319226740448,0.52930779210769,0.0580708450188572,0.132319830854006,0.00428479701981793,-0.579662064781492,0,-0.211933628120229,0,-0.515392435956087
"SAM587501","SAM587501","HT-29","","HT-29","Cell Line","Colon","Colon","Cancer","Adenocarcinoma","Female","CL584427","gCell",114,"Cell Line","Cel",0.685702522894076,0.770974703964762,"CMS3","CMS3",0.0134561741214295,-0.870972022873417,0,-0.216943478225231,0.672711944032671,-0.0545291919574914,0.0576212106551033,-0.661083919792567,6.71188122604347,0.641643353876463,0,-0.32712581157843,1.39578405829955,-0.703526949234799,0.0753204618718108,-0.693622221005521,1.22833162477456,1.05341661820702,0.028502518607567,-0.277284609286563,0.0206970646738625,-0.566008447608966,0,-0.211933628120229,0,-0.515392435956087
"SAM587493","SAM587493","COLO-206F","","COLO 206F","Cell Line","Colon","Colon","Cancer","Adenocarcinoma","Male","CL131249","gCell",114,"Cell Line","Cel",0.74182594679989,0.845817227069232,"CMS2",NA,0,-0.923784786020011,0.146032959939072,-0.00195261422369622,0.185588146139134,-0.374114937752392,4.26905588266411,1.73588685252666,6.65220721967302,0.61757878953439,0,-0.32712581157843,2.60458625694356,0.725910442735652,0.69090809861047,-0.506889340012509,0.422633322272701,-0.177657226163098,0.0263657181714461,-0.306885302073667,0.0153335053063421,-0.570470474906467,0,-0.211933628120229,0,-0.515392435956087
"SAM8810586","SAM8810586","PMF-ko14","","PMF-ko14","Cell Line","Colon","Colon","Cancer","Carcinoma","Female","CL586654","gCell",171,"Cell Line","Cel",1.91556458595721,1.79629403668527,"CMS1","CMS1",0.164474627981876,-0.278255121135726,0,-0.216943478225231,0,-0.495873156815076,0.0550527685459399,-0.662545768579389,5.52409804137482,0.162649456693743,0,-0.32712581157843,0.937780050172807,-1.24512759789602,6.35213061978962,1.21039074852686,1.75719023256582,1.86149080354428,0.0801654650667582,0.438392428570713,0.0570616477722077,-0.535756193214311,0,-0.211933628120229,0,-0.515392435956087
"SAM636125","SAM636125","HCA-7","","HCA-7","Cell Line","Colon","Colon","Cancer","Adenocarcinoma","Female","CL584692","gCell",171,"Cell Line","Cel",1.78551094100412,1.83395796915244,"CMS1","CMS1",0.462434409358874,0.891176785665623,0,-0.216943478225231,0,-0.495873156815076,0.149964334564523,-0.608526113184126,4.84333908698741,-0.111878242311378,0.0126462197782971,-0.315588167091091,2.55781067554876,0.67059720360365,0.0920233110752582,-0.68855556442178,0.600028098162419,0.0933946899792037,0,-0.672124615259671,1.38056549251912,0.565286953500851,0,-0.211933628120229,0.00657663888493964,0.317307418436235
"SAM636100","SAM636100","HCC1263","","HCC1263","Cell Line","Colon","Colon","Cancer","Adenocarcinoma","Female","CL586423","gCell",171,"Cell Line","Cel",3.82805490684436,3.83701412802815,"CMS2",NA,0.0616269489072605,-0.681911469970751,0.0197186734629352,-0.187913493168917,0.205352481250402,-0.361148213884683,0.420282913740043,-0.454672193092451,6.3750187102454,0.505797779246689,0.0235053755811188,-0.305680931467953,1.57207529748024,-0.495058359878852,0.865349352005434,-0.45397418079481,0.543829139786929,0.00752499468249413,0.0947865340647168,0.640935335391395,0.112729349496309,-0.489445378387456,0.00354638125446787,1.0475302476159,0.00613599111109474,0.261514886181012
"SAM636438","SAM636438","SW620","","SW 620","Cell Line","Colon","Colon","Cancer","Adenocarcinoma","Male","CL584994","gCell",171,"Cell Line","Cel",1.67419322017789,1.64875119318856,"CMS2",NA,0.142251096828503,-0.365477988236927,0,-0.216943478225231,0.0217740117969527,-0.481587950817818,4.95583763717235,2.12677402536106,2.54801633408285,-1.0375064250446,0,-0.32712581157843,2.22871028812939,0.281428156743109,7.37386881833406,1.52032568881516,0.246472874976252,-0.446823139018794,0.0464052491913268,-0.0292814644434252,0.0169757998410246,-0.569104224895576,0,-0.211933628120229,0,-0.515392435956087
"SAM636128","SAM636128","OUMS-23","","OUMS-23","Cell Line","Colon","Colon","Cancer","Adenocarcinoma","Male","CL131233","gCell",171,"Cell Line","Cel",1.71950413343887,1.69755243757136,"CMS4","CMS4",0.283018217661325,0.187004503761475,0,-0.216943478225231,1.51883663464148,0.500585116670058,1.21513952058439,-0.00227337815800011,6.95123092041995,0.738165214413549,2.26123275909116,1.73588591326065,2.52871808935509,0.6361945274826,1.3706364273294,-0.300699966576252,0.049005090372382,-0.748545786288457,0.0114338050970721,-0.513734273164614,0.202848626760974,-0.414473769492616,0,-0.211933628120229,0.0203892988516612,2.06619467593772
"SAM639156","SAM639156","GP2d","","GP2d","Cell Line","Colon","Colon","Cancer","Adenocarcinoma","","CL586518","gCell",171,"Cell Line","Cel",1.9856329489584,1.96232473411184,"CMS2",NA,0.372369920164796,0.537691872881179,0,-0.216943478225231,0.0544535131672526,-0.460148015296714,0.0466083280615836,-0.667351987506189,6.18055700563492,0.427377768805009,0.0113766820222923,-0.316746416397906,2.22194563649883,0.273428795064893,0.934023949016761,-0.433142369716051,0,-0.823423547369869,0.00990661275506745,-0.534890180182567,0.00718097118552645,-0.577252693075091,0,-0.211933628120229,0,-0.515392435956087
"SAM636049","SAM636049","SW1463","","SW 1463","Cell Line","Colon","Colon","Cancer","Adenocarcinoma","Female","CL132498","gCell",171,"Cell Line","Cel",1.47410482825843,1.4740722225945,"CMS2","CMS2",0.0494517206824106,-0.729696779427375,0,-0.216943478225231,2.91896944271387,1.41916575184879,0.620163969669025,-0.340908336754743,6.87339295465215,0.706775722582769,0,-0.32712581157843,1.89769419735471,-0.110006254964607,0,-0.716469994423392,0.0983257849535904,-0.673185794965958,0.0265349154106922,-0.30454144468077,0.00580646850892475,-0.578396162932183,0,-0.211933628120229,0,-0.515392435956087
"SAM636051","SAM636051","SW480","","SW 480","Cell Line","Colon","Colon","Cancer","Adenocarcinoma","Male","CL583683","gCell",171,"Cell Line","Cel",1.721225258546,1.7401872541919,"CMS2",NA,0.477136066153023,0.948877816517725,0.0219107585078906,-0.184686288447623,1.69310627271982,0.614917638496153,7.18104376085283,3.39326738362168,3.50588972534252,-0.651227586777419,0.043265402216352,-0.287653080744614,1.79875042531415,-0.227009622112705,7.68225872152236,1.61387294619121,0.0246861102342054,-0.785704186991177,0.0672161036067526,0.259007370477666,0.0148716076342607,-0.570854734663889,0,-0.211933628120229,0,-0.515392435956087
"SAM587488","SAM587488","CL-40","","CL-40","Cell Line","Colon","Colon","Cancer","Adenocarcinoma","Female","CL131251","gCell",114,"Cell Line","Cel",0.308453583740539,0.363753208899958,"CMS3","CMS3",0,-0.923784786020011,1.76173722982555,2.37669982902466,0.114419484223002,-0.42080633323347,0.0429173652788334,-0.669452727657941,7.08146526491449,0.790684442688259,0.0243026678323257,-0.304953530338746,0.661773003013862,-1.57151250528527,0.251724767327332,-0.640111587894374,2.44095504017741,2.90625528640037,0.0626134927262021,0.19524827141033,0.198821017539241,-0.41782439937468,0,-0.211933628120229,0,-0.515392435956087
"SAM587499","SAM587499","HCT-15","","HCT-15","Cell Line","Colon","Colon","Cancer","Adenocarcinoma","Male","CL132492","gCell",114,"Cell Line","Cel",0.671133285982522,0.689358660625741,"CMS1","CMS1",1.02432672910933,3.09649054937593,0,-0.216943478225231,0.339760245922657,-0.272967743336627,1.3450652321573,0.0716748502884576,7.08773244128772,0.793211788818504,0.0112203941026215,-0.316889004023808,1.96397050156392,-0.0316329466230742,0.205797630503736,-0.654043164916073,2.26498831716176,2.6373853762722,0.0576541545274055,0.126547496191271,0.309366710751619,-0.325859741777753,0,-0.211933628120229,0,-0.515392435956087
"SAM587519","SAM587519","T84","","T84","Cell Line","Colon","Colon","Cancer","Carcinoma","","CL586160","gCell",114,"Cell Line","Cel",0.487545170041234,0.583885529926628,"CMS3",NA,0.0375350992734676,-0.776467109411131,0,-0.216943478225231,0.143314795047027,-0.401849079451979,0.0540936620932674,-0.663091651470528,6.78084016144376,0.669452224753995,0.1612107811385,-0.180046865228447,1.86165695309175,-0.152621154665181,0.582551981532821,-0.539758177376304,0.841629477446437,0.462551653419138,0.0399280060091594,-0.119009490655722,0.0687033492621659,-0.526071283198751,0,-0.211933628120229,0,-0.515392435956087
"SAM587511","SAM587511","SW1116","","SW 1116","Cell Line","Colon","Colon","Cancer","Adenocarcinoma","","CL586245","gCell",114,"Cell Line","Cel",0.68453223361155,0.771617805193913,"CMS2",NA,0.225227694768685,-0.0398116157465397,0,-0.216943478225231,0.052683876409827,-0.461309015201365,2.45322012058298,0.70238981695133,6.58029361211367,0.588578396541853,0,-0.32712581157843,2.29683331853674,0.361985262800529,0.482622546631996,-0.570070857750937,0.74211610691649,0.310499319134562,0.286712065090956,3.29964346080856,0.0371060783362043,-0.552357537482043,0,-0.211933628120229,0,-0.515392435956087
"SAM587515","SAM587515","SW480","","SW 480","Cell Line","Colon","Colon","Cancer","Adenocarcinoma","Male","CL583683","gCell",114,"Cell Line","Cel",0.639092634223009,0.636305686441375,"CMS2",NA,0.558312373200561,1.2674784111986,0.0582684662083824,-0.131160187251666,0.84538238318167,0.0587541485625023,6.76957765514496,3.15907825189016,4.62816844447916,-0.198649486377346,0.0234658481710972,-0.305716993881253,2.00905730807375,0.02168327598306,6.76960178034736,1.33702680794391,0.217457259538329,-0.491157805150036,0.0898021764353647,0.57188797072717,0.00446639570825813,-0.579510990047442,0,-0.211933628120229,0.0182993523726567,1.80157650863344
"SAM587505","SAM587505","LS1034","","LS1034","Cell Line","Cecum","Colon","Cancer","Carcinoma","","CL583685","gCell",114,"Cell Line","Cel",0.599019726038173,0.743658682176569,"CMS2","CMS2",0.390751400143471,0.609835465825001,0,-0.216943478225231,5.80400546788392,3.31194207223426,0.985167364320184,-0.133163818101491,6.55364286104318,0.577831025066255,0.0125653056868529,-0.315661988204235,3.02622633225679,1.22450987470398,0.273327589225572,-0.633558569396457,0.862540963490143,0.494503543395048,0.296783099331329,3.43915559566139,0.0879431305675743,-0.510065414054737,0,-0.211933628120229,0.0195152891992508,1.95553211364222
"SAM587490","SAM587490","COLO 205","","COLO 205","Cell Line","Colon","Colon","Cancer","Adenocarcinoma","Male","CL584431","gCell",114,"Cell Line","Cel",0.395510972131675,0.44051285333672,"CMS3",NA,0,-0.923784786020011,0.414668390895217,0.393534565018458,0.0900015378905767,-0.436826136871012,0.93990078174423,-0.158927645359335,6.76660725890672,0.663712563221121,0,-0.32712581157843,1.69361082931933,-0.351339698663072,0.103443573935442,-0.685091332104059,0.536689266948892,-0.00338443714296925,0,-0.672124615259671,0.0143846071043117,-0.571259877873767,0,-0.211933628120229,0,-0.515392435956087
"SAM587489","SAM587489","COLO 201","","COLO 201","Cell Line","Colon","Colon","Cancer","Adenocarcinoma","Male","CL131247","gCell",114,"Cell Line","Cel",0.999941086315182,1.16376923213421,"CMS1",NA,0.0366140054405318,-0.780082216498454,5.34405873930298,7.65062152981854,0.106191760940346,-0.42620426922603,4.50535771212259,1.8703798751591,6.73693310693487,0.651745953588945,0.204102271584473,-0.140915268832582,3.0078113207738,1.20273368500405,0.54174281601211,-0.552137264599328,0.0212716538287283,-0.790921335842642,0,-0.672124615259671,0.0198756823144173,-0.566691768191138,0,-0.211933628120229,0,-0.515392435956087
"SAM587491","SAM587491","COLO 320DM","","COLO 320DM","Cell Line","Colon","Colon","Cancer","Carcinoma","Female","CL131253","gCell",114,"Cell Line","Cel",1.0980443054417,1.14582034127242,"CMS4","CMS4",0.524951695721087,1.13654449623628,0,-0.216943478225231,0.0330688235465917,-0.474177799943994,0.725193990369537,-0.281129684242697,0.209436544770457,-1.98057874801907,0.246241625878466,-0.102469875877724,3.07602278388379,1.2833953648387,8.09315234113052,1.73851376870281,0.183029679595212,-0.543761730293386,0,-0.672124615259671,3.97525909761015,2.72385235778756,0,-0.211933628120229,0.0212794349341986,2.17889908304993
"SAM587518","SAM587518","SW948","","SW 948","Cell Line","Colon","Colon","Cancer","Adenocarcinoma","","CL586246","gCell",114,"Cell Line","Cel",0.541647318784107,0.657903503895805,"CMS2",NA,0.279213716333739,0.172072605162993,0.0685060007624827,-0.116088408935662,1.82302097004737,0.700150356779848,0.389031219940255,-0.472459337488028,6.08806940315059,0.390080560251403,0.0138898614858206,-0.314453543769452,2.30797623278471,0.375162024308279,0.0194454581701906,-0.710571392486573,0.844161939966614,0.466421151915978,0,-0.672124615259671,0.169140968037671,-0.442515687751043,0,-0.211933628120229,0,-0.515392435956087
"SAM587512","SAM587512","SW1417","","SW 1417","Cell Line","Colon","Colon","Cancer","Adenocarcinoma","Female","CL132496","gCell",114,"Cell Line","Cel",0.406959382611907,0.462159520336074,"CMS2","CMS2",0.066767662688127,-0.661735207619853,0,-0.216943478225231,2.42740008153808,1.09666341962723,3.36982303724419,1.22408149025738,5.76310042177838,0.259031256927246,0.0184575754636413,-0.310286238367533,2.10152126498837,0.131024107404094,1.08391151970866,-0.387675345640284,0,-0.823423547369869,0,-0.672124615259671,0.464466005482679,-0.196830259769226,0,-0.211933628120229,0,-0.515392435956087
"SAM587504","SAM587504","LoVo","","LoVo","Cell Line","Colon","Colon","Cancer","Adenocarcinoma","Male","CL584429","gCell",114,"Cell Line","Cel",0.725119551869371,0.729002382754836,"CMS1","CMS1",0.213508275775669,-0.0858079661139277,0,-0.216943478225231,0,-0.495873156815076,0.0184125806080708,-0.683399816289801,5.75006973053098,0.253776407671809,0.0207017733372151,-0.308238768239822,3.93751147676931,2.30212626370015,0.620328807853696,-0.528298922523425,0.31707019669355,-0.338953337160118,0.05344020359929,0.0681724300248092,0.149665659492032,-0.458717495618431,0,-0.211933628120229,0,-0.515392435956087
"SAM587496","SAM587496","CX-1","","CX-1","Cell Line","Colon","Colon","Cancer","Adenocarcinoma","","CL586255","gCell",114,"Cell Line","Cel",0.790327682124548,1.01557043271277,"CMS3","CMS3",0.0574864879308505,-0.698161942273768,0,-0.216943478225231,0.0457420081710538,-0.46586334440452,0.129978294169016,-0.619901323394752,5.08932472587097,-0.0126803235828937,0,-0.32712581157843,0.749722061482815,-1.46751064881517,0.290660443484612,-0.628300806539539,1.21133651836286,1.02744879511397,0.049105132104004,0.00811950352174065,0.0497738274783551,-0.54181904268837,0,-0.211933628120229,0,-0.515392435956087
"SAM587492","SAM587492","COLO 741","","COLO 741","Cell Line","Colon","Colon","Cancer","Carcinoma","","CL583699","gCell",114,"Cell Line","Cel",0.374028523011347,0.414731219252381,"CMS4","CMS4",0,-0.923784786020011,0,-0.216943478225231,0.268081627833996,-0.319993704126207,0.0354847651048137,-0.673683049808697,0.320762818271146,-1.93568452296924,2.87151962827778,2.29267466558412,1.92829957717432,-0.0738146643481427,9.29810612232186,2.1040254807595,0.6377889905042,0.151091779271426,0,-0.672124615259671,0.608340588816157,-0.0771387873231311,0,-0.211933628120229,0,-0.515392435956087
"SAM587498","SAM587498","HCT 116","","HCT 116","Cell Line","Colon","Colon","Cancer","Carcinoma","Male","CL584219","gCell",114,"Cell Line","Cel",0.749143141336132,0.775856883892429,"CMS1",NA,0.582533751875614,1.36254242594053,0,-0.216943478225231,0,-0.495873156815076,2.83374697235968,0.918969631866586,5.47648858866396,0.143450130090149,0.0398103659588034,-0.290805246429641,3.1876155303418,1.41535644551732,0.649895082761218,-0.519330263368796,2.956200313452,3.69352885690937,0,-0.672124615259671,0.01140334816096,-0.573740032911615,0,-0.211933628120229,0,-0.515392435956087
"SAM587494","SAM587494","COLO320HSR","","COLO 320DM","Cell Line","Colon","Colon","Cancer","Carcinoma","Female","CL586272","gCell",114,"Cell Line","Cel",0.486966395171027,0.471711418202039,"CMS4",NA,0.212059393433313,-0.0914945364037882,0,-0.216943478225231,0,-0.495873156815076,0.22913795452591,-0.563463832093197,0.0708392456940788,-2.03647048085423,0.0154412203994888,-0.313038177918473,2.72575536782071,0.869195802436272,9.4640579654991,2.15436545501039,0.126314340449937,-0.630420434152537,0.116747508858816,0.945156570653585,4.18238853869279,2.8961665165202,0,-0.211933628120229,0,-0.515392435956087
